<?xml version="1.0" encoding="UTF-8"?>
<!DOCTYPE mapper
  PUBLIC "-//mybatis.org//DTD Mapper 3.0//EN"
  "http://mybatis.org/dtd/mybatis-3-mapper.dtd">
<mapper namespace="greencamp.comment">
	<!-- 중고거래 댓글 등록 -->
	<insert id="addGoodsComment"
		parameterType="greencamp.comment.model.CommentDTO">
		insert into tb_cm values(
			tb_cm_no.nextval,
			#{ctgry},
			#{ncnm},
			#{cn},
			0,
			0,
			0,
			#{ctgry_no},
			sysdate
			)
	</insert>
	<!-- 댓글 리스트 -->
	<select id="listComment"
		resultType="greencamp.comment.model.CommentDTO"
		parameterType="greencamp.comment.model.CommentDTO">
		select * from tb_cm where ctgry=#{ctgry} and
		ctgry_no=#{ctgry_no}
	</select>
	<!-- 게시글 삭제시 댓글 삭제 -->
	<delete id="delGoodsComment"
		parameterType="greencamp.comment.model.CommentDTO">
		delete from tb_cm where ctgry=#{ctgry} and
		ctgry_no=#{ctgry_no}
	</delete>
	<!-- 댓글 삭제 -->
	<delete id="delComment"
		parameterType="greencamp.comment.model.CommentDTO">
		delete from tb_cm where cm_no=#{cm_no}
	</delete>
	<!-- 댓글 수 -->
	<select id="countComment" resultType="int"
		parameterType="greencamp.comment.model.CommentDTO">
		select count(*) from tb_cm where ctgry=#{ctgry} and
		ctgry_no=#{ctgry_no}
	</select>

	<select id="getcommentlist" parameterType="String"
		resultType="greencamp.comment.model.CommentDTO">
		select * from tb_cm
		where ncnm=#{ncnm}
	</select>

	<!-- 캠핑톡 댓글 목록 -->
	<select id="listCampTalkComment" parameterType="Map"
		resultType="greencamp.comment.model.CommentDTO">
		select * from
		(select rownum as rnum, a.* from
		(select * from tb_cm
		where ctgry='자유게시판' or ctgry='가입인사' or ctgry='리뷰' order by cm_no
		desc)a)b
		where rnum <![CDATA[>]]>=#{start}
		and rnum <![CDATA[<]]>=#{end}
	</select>
	<!-- 캠핑톡 댓글 삭제 -->
	<delete id="deleteCampTalkComment" parameterType="int">
		delete from
		tb_cm where cm_no=#{cm_no}
	</delete>
	<!-- 캠핑톡 댓글 총 갯수 -->
	<select id="campTalkCommentTotalCnt" resultType="int">
		select count(*)
		from tb_cm where ctgry='자유게시판' or ctgry='가입인사' or ctgry='리뷰'
	</select>

	<!-- 중고거래 댓글 목록 -->
	<select id="listTradeComment" parameterType="Map"
		resultType="greencamp.comment.model.CommentDTO">
		select * from
		(select rownum as rnum, a.* from
		(select * from tb_cm
		where ctgry='팝니다' or ctgry='삽니다' order by cm_no desc)a)b
		where rnum <![CDATA[>]]>=#{start}
		and rnum <![CDATA[<]]>=#{end}
	</select>
	<!-- 중고거래 댓글 삭제 -->
	<delete id="deleteTradeComment" parameterType="int">
		delete from tb_cm
		where cm_no=#{cm_no}
	</delete>
	<!-- 중고거래 댓글 총 갯수 -->
	<select id="tradeCommentTotalCnt" resultType="int">
		select count(*)
		from tb_cm where ctgry='삽니다' or ctgry='팝니다'
	</select>

	<!-- 캠핑장 댓글 목록 -->
	<select id="listCampsiteComment" parameterType="Map"
		resultType="greencamp.comment.model.CommentDTO">
		select * from
		(select rownum as rnum, a.* from
		(select * from tb_cm
		where ctgry='캠핑장' order by cm_no desc)a)b
		where rnum <![CDATA[>]]>=#{start}
		and rnum <![CDATA[<]]>=#{end}
	</select>
	<!-- 캠핑장 댓글 삭제 -->
	<delete id="deleteCampsiteComment" parameterType="int">
		delete from
		tb_cm where cm_no=#{cm_no}
	</delete>
	<!-- 캠핑장 댓글 총 갯수 -->
	<select id="campsiteCommentTotalCnt" resultType="int">
		select count(*)
		from tb_cm where ctgry='캠핑장'
	</select>

	<!-- 공지사항 댓글 목록 -->
	<select id="listNoticeComment" parameterType="Map"
		resultType="greencamp.comment.model.CommentDTO">
		select * from
		(select rownum as rnum, a.* from
		(select * from tb_cm
		where ctgry='공지사항' or ctgry='이용안내' or ctgry='자주묻는질문' order by cm_no
		desc)a)b
		where rnum <![CDATA[>]]>=#{start}
		and rnum <![CDATA[<]]>=#{end}
	</select>
	<!-- 공지사항 댓글 삭제 -->
	<delete id="deleteNoticeComment" parameterType="int">
		delete from tb_cm
		where cm_no=#{cm_no}
	</delete>
	<!-- 공지사항 댓글 총 갯수 -->
	<select id="noticeCommentTotalCnt" resultType="int">
		select count(*)
		from tb_cm where ctgry='공지사항' or ctgry='이용안내' or ctgry='자주묻는질문'
	</select>

	<!-- 캠핑정보 댓글 목록 -->
	<select id="listCampTipComment" parameterType="Map"
		resultType="greencamp.comment.model.CommentDTO">
		select * from
		(select rownum as rnum, a.* from
		(select * from tb_cm
		where ctgry='캠핑팁' or ctgry='캠핑음식' or ctgry='텐트설치방법' order by cm_no
		desc)a)b
		where rnum <![CDATA[>]]>=#{start}
		and rnum <![CDATA[<]]>=#{end}
	</select>
	<!-- 캠핑정보 댓글 삭제 -->
	<delete id="deleteCampTipComment" parameterType="int">
		delete from
		tb_cm where cm_no=#{cm_no}
	</delete>
	<!-- 캠핑정보 댓글 총 갯수 -->
	<select id="campTipCommentTotalCnt" resultType="int">
		select count(*)
		from tb_cm where ctgry='캠핑팁' or ctgry='캠핑음식' or ctgry='텐트설치방법'
	</select>

	<!-- 게시글 삭제시 댓글 삭제 -->
	<delete id="delBbsComment"
		parameterType="greencamp.comment.model.CommentDTO">
		delete from tb_cm where ctgry=#{ctgry} and
		ctgry_no=#{ctgry_no}
	</delete>
</mapper>