<?xml version="1.0" encoding="UTF-8"?>
<!DOCTYPE mapper
  PUBLIC "-//mybatis.org//DTD Mapper 3.0//EN"
  "http://mybatis.org/dtd/mybatis-3-mapper.dtd">
<mapper namespace="greencamp.goods">
	<!-- 중고거래 리스트 -->
	<select id="listGoods" parameterType="Map" resultType="greencamp.goods.model.GoodsDTO">
		select * from tb_delng order by delng_no desc
	</select>
	<!-- 중고거래 구매타입 리스트 -->
	<select id="listGoodstypeBuy" parameterType="Map" resultType="greencamp.goods.model.GoodsDTO">
		select * from tb_delng where delngtp = '삽니다' order by delng_no desc
	</select>
	<!-- 중고거래 판매타입 리스트 -->
	<select id="listGoodstypeSale" parameterType="Map" resultType="greencamp.goods.model.GoodsDTO">
		select * from tb_delng where delngtp = '팝니다' order by delng_no desc
	</select>
	<!-- 중고거래 클릭 상세정보 -->
	<select id="goodsajax" parameterType="greencamp.goods.model.GoodsDTO" resultType="greencamp.goods.model.GoodsDTO">
		select * from tb_delng where delng_no=#{delng_no}
	</select>
	<!-- 중고거래 등록 -->
	 <insert id="registGoods" parameterType="greencamp.goods.model.GoodsDTO">
		insert into tb_delng values(
			tb_delng_no.nextval,
			#{sj},#{cn},
			0,#{addr},
			#{delngtp},#{img},
			'거래중',SYSDATE,
			#{pc},#{how},
			#{telno},0,
			'comk') 
	</insert>
	<!-- 수정하기 -->
	<update id="upGoods" parameterType="greencamp.goods.model.GoodsDTO">
		update tb_delng set sj=#{sj}, how=#{how}, pc=#{pc}, addr=#{addr}, telno=#{telno}, img=#{img}, cn=#{cn} where delng_no=#{delng_no}
	</update>
	<!-- 중고거래삭제 -->
	<delete id="delGoods" parameterType="greencamp.goods.model.GoodsDTO">
		delete from tb_delng where delng_no=#{delng_no}
	</delete>
	<!-- 페이징 -->
	<select id="goodsTotalCnt" resultType="int">
		select count(*) from tb_delng
	</select>
	<!-- 중고거래 상세정보 -->
	<select id="goodsinfoindex" parameterType="greencamp.goods.model.GoodsDTO" resultType="greencamp.goods.model.GoodsDTO">
		select * from tb_delng where delng_no=(select max(delng_no) from tb_delng)
	</select>
	<!-- 중고거래 타입 상세정보 -->
	<select id="goodsinfotypeindex" parameterType="greencamp.goods.model.GoodsDTO" resultType="greencamp.goods.model.GoodsDTO">
		select * from tb_delng where delng_no=(select max(delng_no) from tb_delng where delngtp=#{delngtp})
	</select>
	<!-- 조회수 -->
	<update id="goodsRdcnt" parameterType="greencamp.goods.model.GoodsDTO">
		update tb_delng set rdcnt=#{rdcnt} where delng_no=#{delng_no}
	</update>
	<!-- 판매완료 -->
	<update id="goodssttus" parameterType="greencamp.goods.model.GoodsDTO">
		update tb_delng set sttus='판매완료' where delng_no=#{delng_no}
	</update>
	<!-- 중고거래 게시글 목록 -->
	<select id="listGoodsPost" parameterType="Map" resultType="greencamp.goods.model.GoodsDTO">
		select * from
		(select rownum as rnum, a.* from
		(select * from tb_delng where delngtp='팝니다' or delngtp='삽니다' order by delng_no desc)a)b
		where rnum <![CDATA[>]]>=#{start} and rnum <![CDATA[<]]>=#{end}
	</select>
	<!-- 중고거래 게시글 삭제 -->
	<delete id="deleteGoodsPost" parameterType="int">
		delete from tb_delng where delng_no=#{delng_no}
	</delete>
	<!-- 중고거래 게시글 총 갯수 -->
	<select id="goodsPostTotalCnt" resultType="int">
		select count(*) from tb_delng where delngtp='팝니다' or delngtp='삽니다'
	</select>
</mapper>