<?xml version="1.0" encoding="UTF-8"?>
<!DOCTYPE mapper
  PUBLIC "-//mybatis.org//DTD Mapper 3.0//EN"
  "http://mybatis.org/dtd/mybatis-3-mapper.dtd">
<mapper namespace="greencamp.member">

	<select id="getListMemberSQL" parameterType="String" resultType="greencamp.member.model.MemberDTO">
		select * from tb_account where id=#{id}
	</select>
	<select id="getListMemberBsnmSQL" parameterType="String" resultType="greencamp.member.model.MemberDTO">
		select * from tb_account where id=#{id}
	</select>

	<update id="updateMemberBsnmSQL" parameterType="greencamp.member.model.MemberDTO">
		update tb_account set nm=#{nm},email=#{email},ncnm=#{ncnm},telno=#{telno}
	</update>

	<select id="findusercheck" parameterType="String" resultType="int">
		select count(id) from tb_account where id=#{id}
	</select>
	<insert id="joinBsnmmemberSQL" parameterType="greencamp.member.model.MemberDTO">
		insert into tb_account values(seq_member_no.nextval,#{id},#{nm},#{password},#{email},#{ncnm},#{telno},#{grade},#{bizrno})
	</insert>

	<insert id="joinUsermemberSQL" parameterType="greencamp.member.model.MemberDTO">
		insert into tb_account values(seq_member_no.nextval,#{id},#{nm},#{password},#{email},#{ncnm},#{telno},#{grade},default)
	</insert>
	<select id="checkId" parameterType="String" resultType="int">
		select count(*) from tb_account where id=#{id}
	</select>

	<select id="loginSQL" parameterType="greencamp.member.model.MemberDTO" resultType="int">
		select count(*) from tb_account where id=#{id} and password=#{password}
	</select>

	<select id="checkusergrade" parameterType="String" resultType="int">
		select grade from tb_account where id=#{id}
	</select>

	<delete id="memberoutSQL" parameterType="greencamp.member.model.MemberDTO">
		delete from tb_account where id=#{id} and password=#{password}
	</delete>

	<!-- 사용자 목록 -->
	<select id="listMember" parameterType="Map" resultType="greencamp.member.model.MemberDTO">
		select * from (select rownum as rnum, a.* from (select * from tb_account where grade=2 order by account_no desc)a)b where rnum <![CDATA[>]]>=#{start} and rnum <![CDATA[<]]>=#{end}
	</select>

	<!-- 사업자 목록 -->
	<select id="listBuisnessman" parameterType="Map" resultType="greencamp.member.model.MemberDTO">
		select * from (select rownum as rnum, a.* from (select * from tb_account where grade=3 order by account_no desc)a)b where rnum <![CDATA[>]]>=#{start} and rnum <![CDATA[<]]>=#{end}
	</select>

	<!-- 사용자 수 -->
	<select id="memberTotalCnt" resultType="int">
		select count(*) from tb_account where grade=3
	</select>

	<!-- 사용자 수 -->
	<select id="buisnessmanTotalCnt" resultType="int">
		select count(*) from tb_account where grade=2
	</select>

	<!-- 사용자&사업자 블랙리스트 등록 -->
	<update id="modiBlackList" parameterType="greencamp.member.model.MemberDTO">
		update tb_account set grade=4 where id=#{id}
	</update>

	<!-- 사용자&사업자 블랙리스트 목록 -->
	<select id="listBlackList" parameterType="Map" resultType="greencamp.member.model.MemberDTO">
		select * from (select rownum as rnum, a.* from (select * from tb_account where grade=4 order by account_no desc)a)b where rnum <![CDATA[>]]>=#{start} and rnum <![CDATA[<]]>=#{end}
	</select>

	<!-- 사용자&사업자 블랙리스트 수 -->
	<select id="blackListTotalCnt" resultType="int">
		select count(*) from tb_account where grade=4
	</select>

	<select id="mngrloginSQL" parameterType="greencamp.member.model.MemberDTO" resultType="int">
		select count(*) from tb_account where id=#{id} and password=#{password}
	</select>
</mapper>